subject,mission,global_score,HRVrest,HRrest,HRVall_mission,HRVbegin_mission,HRVall_mission_norm,HRVbegin_mission_norm,HRall_mission,HRbegin_mission,nbAOI1,nbAOI2,nbAOI3,nbAOI4,nbAOI5,durAOI1,durAOI2,durAOI3,durAOI4,durAOI5,navKeys,tankKeys,trees,spaceKeys,tanklevel,rbtlevel,temp,bat
20,1,18,0.03373951457490165,80.00933442234927,0.04063386152406302,0.023249615972250868,0.00689434694916137,-0.010489898602650784,82.38034833189437,83.82815228780997,8.0,568.0,297.0,252.0,143.0,1323.978,185508.578,76335.28400000004,59805.83500000002,29154.861000000004,493,273,18,16,47.24179764556963,41.46835443037975,56.329997468354435,53.89620253164557
20,2,28,0.03895361825299418,80.14693604942393,0.06124719517960996,0.03842589458945622,0.022293576926615787,-0.0005277236635379545,82.30868919303336,79.86423080762704,29.0,831.0,521.0,429.0,208.0,4223.258,241847.92499999987,129528.21300000002,103416.59300000001,47067.454000000034,737,298,28,23,54.938328166666665,41.71666666666667,51.58167833333333,63.96666666666667
20,3,28,0.053136888212322785,75.6111904561875,0.05022487787005313,0.03134855500058824,-0.0029120103422696567,-0.021788333211734547,82.68880287994011,80.82891213597884,30.0,923.0,481.0,359.0,187.0,5937.893,280704.9539999997,122989.62099999998,89181.52200000003,37392.69600000004,782,336,28,22,61.414324866666675,45.81666666666667,51.807053333333336,56.18333333333333
20,4,27,0.06305673014282506,78.01820424765779,0.04789971243570596,0.047517188989929196,-0.015157017707119101,-0.015539541152895867,82.5911255418477,80.6197435429557,28.0,969.0,475.0,321.0,204.0,4679.333,271951.9389999999,115391.0710000001,73930.48400000007,46242.22400000001,718,323,27,18,58.984716,46.86666666666667,51.272814999999994,61.79666666666667
