subject,mission,global_score,HRVrest,HRrest,HRVall_mission,HRVbegin_mission,HRVall_mission_norm,HRVbegin_mission_norm,HRall_mission,HRbegin_mission,nbAOI1,nbAOI2,nbAOI3,nbAOI4,nbAOI5,durAOI1,durAOI2,durAOI3,durAOI4,durAOI5,navKeys,tankKeys,trees,spaceKeys,tanklevel,rbtlevel,temp,bat
33,1,26,0.0576425174531708,68.26281182552832,0.051506693001951064,0.04621223311427751,-0.006135824451219733,-0.011430284338893287,70.83833852337699,74.10374524334067,6.0,959.0,729.0,369.0,134.0,1067.826,194546.18800000005,115619.48800000008,54295.714000000014,21189.076000000005,708,356,26,22,27.956457700000005,38.61666666666667,54.67107833333333,60.55833333333333
33,2,27,0.056679826436868135,68.4161985411252,0.04851114781164993,0.03810380290625028,-0.008168678625218202,-0.018576023530617852,69.4447135599329,69.2372364451625,8.0,1098.0,780.0,400.0,181.0,1087.8310000000001,198224.30199999994,119339.39900000006,56395.166000000005,25301.505000000005,894,301,27,25,49.08023563333334,36.983333333333334,50.54051166666667,53.861666666666665
33,3,30,0.03538713788101842,69.00690069006902,0.05412324673768795,0.05574332812579281,0.018736108856669535,0.02035619024477439,70.61614209580375,68.64874724327191,17.0,1279.0,785.0,334.0,251.0,2475.406,196474.005,108969.57600000003,44518.38200000001,33847.034000000014,903,430,30,24,36.61070605,57.53333333333333,55.4126,62.39
33,4,26,0.042695981777017174,68.85998469778116,0.05460735377947507,0.05347401558874998,0.011911372002457898,0.010778033811732805,69.61602671118543,70.73591923485652,24.0,1276.0,758.0,308.0,266.0,3131.4719999999998,206172.08400000012,105088.47700000001,41205.85300000001,37074.954,739,339,26,17,41.262462983333336,32.71666666666667,61.84533999999999,58.17666666666667
