subject,mission,global_score,HRVrest,HRrest,HRVall_mission,HRVbegin_mission,HRVall_mission_norm,HRVbegin_mission_norm,HRall_mission,HRbegin_mission,nbAOI1,nbAOI2,nbAOI3,nbAOI4,nbAOI5,durAOI1,durAOI2,durAOI3,durAOI4,durAOI5,navKeys,tankKeys,trees,spaceKeys,tanklevel,rbtlevel,temp,bat
21,1,20,0.039700281406433384,80.06538673249821,0.0557661706857151,0.02374399649713919,0.016065889279281716,-0.015956284909294193,89.48965862511353,99.01320176023472,14.0,738.0,321.0,272.0,72.0,3024.16,285577.1529999998,102076.8330000001,64190.24600000003,12346.930999999999,565,552,20,12,26.91776166835871,41.26903553299493,50.4704551607445,54.6497461928934
21,2,8,0.06216364330540542,80.74833435791781,0.05233221718682442,0.026252438202960096,-0.009831426118581003,-0.035911205102445325,82.24663396858023,81.43942528925892,1.0,234.0,139.0,71.0,26.0,156.0,94513.50000000001,40218.679000000004,15568.557999999999,4171.664,198,174,8,4,36.79953154228855,48.10945273631841,53.66777114427862,49.75124378109453
21,3,22,0.03804462931683471,78.21378434387326,0.05218029055397242,0.025081616774043913,0.014135661237137713,-0.012963012542790794,80.25088279563317,78.97334649555776,11.0,683.0,412.0,204.0,66.0,1835.848,289323.9689999998,139018.09200000012,46186.57100000001,11382.046999999999,690,570,22,20,38.41628958333333,34.56666666666667,51.66477833333334,54.45333333333333
21,4,6,0.049758729743608,77.33252987847749,0.040143915517441287,0.0395656436042876,-0.009614814226166717,-0.010193086139320406,78.75037428885119,78.49891525760562,0.0,211.0,134.0,88.0,12.0,0.0,98273.15500000004,44578.00700000002,18073.162999999993,1815.0859999999998,245,197,6,7,42.380342288557216,62.83582089552239,53.43975124378109,49.75124378109453
