subject,mission,global_score,HRVrest,HRrest,HRVall_mission,HRVbegin_mission,HRVall_mission_norm,HRVbegin_mission_norm,HRall_mission,HRbegin_mission,nbAOI1,nbAOI2,nbAOI3,nbAOI4,nbAOI5,durAOI1,durAOI2,durAOI3,durAOI4,durAOI5,navKeys,tankKeys,trees,spaceKeys,tanklevel,rbtlevel,temp,bat
37,1,22,0.06802362487891003,95.63658099222953,0.0584490257265443,0.02523287528785789,-0.009574599152365734,-0.04279074959105214,98.71879436866655,110.18281081975353,29.0,743.0,412.0,236.0,238.0,3431.7610000000004,294658.8919999999,119383.97300000003,59535.210999999996,51268.774000000005,730,439,22,12,18.286715283333336,40.96666666666667,53.08959,52.96
37,2,26,0.054818162413912394,89.44423972396231,0.04567745300534689,0.0427840599750458,-0.009140709408565505,-0.012034102438866594,93.92449982157576,90.89698341879203,7.0,617.0,164.0,197.0,123.0,883.8249999999999,190076.732,35530.83200000002,37093.616999999984,24048.01200000001,654,557,26,14,47.90002936666667,42.9,65.016035,59.345
37,3,10,0.041216754553852625,89.38435271668173,0.06111473957311232,0.03522711517798229,0.019897985019259698,-0.005989639375870333,88.80095935395408,91.06526343879784,3.0,274.0,207.0,67.0,71.0,408.009,90150.09800000004,51589.185000000005,13212.914000000002,11185.73,353,104,10,8,7.412671791044776,34.67661691542288,52.23458208955224,49.75124378109453
37,4,30,0.04626865134068436,84.88823049651293,0.04129788237245987,0.027017439478714333,-0.004970768968224487,-0.019251211861970024,90.0857267399621,90.29121397033289,9.0,770.0,522.0,219.0,228.0,959.8320000000001,249264.03499999995,125548.92100000006,51924.71000000002,42875.50400000004,944,370,30,22,37.78411873333333,47.36666666666667,58.269656666666656,61.038333333333334
