subject,mission,global_score,HRVrest,HRrest,HRVall_mission,HRVbegin_mission,HRVall_mission_norm,HRVbegin_mission_norm,HRall_mission,HRbegin_mission,nbAOI1,nbAOI2,nbAOI3,nbAOI4,nbAOI5,durAOI1,durAOI2,durAOI3,durAOI4,durAOI5,navKeys,tankKeys,trees,spaceKeys,tanklevel,rbtlevel,temp,bat
19,1,27,0.11473338295642052,66.38373763561601,0.11886829695348816,0.05328324470850725,0.004134913997067641,-0.06145013824791327,71.5272225049066,72.20940728111522,1.0,849.0,497.0,290.0,232.0,147.97,255686.50299999988,104677.96699999998,69634.884,44557.69500000002,868,242,27,21,39.83105535,48.13333333333333,50.878315,55.19
19,2,30,0.15534246441330843,63.50886477904208,0.11626566341659308,0.048633064505982114,-0.039076800996715344,-0.10670939990732631,70.05046157574414,68.87716904853013,4.0,737.0,571.0,218.0,260.0,467.966,218078.09000000003,123678.62500000007,54824.746999999996,49558.241000000016,819,250,30,22,46.75167037300177,41.42095914742451,61.42249023090585,55.259325044404974
19,3,36,0.1692897364437825,63.64386375498797,0.13914105885617575,0.05786450746778889,-0.030148677587606754,-0.11142522897599362,69.66247053513223,69.46971451255418,0.0,811.0,531.0,234.0,264.0,0.0,261521.27199999988,105423.54300000014,53979.86699999999,52190.053000000014,806,282,36,21,39.51098251666667,49.88333333333333,52.73849666666666,55.35166666666667
19,4,33,0.2071027276194532,59.70451325642583,0.08892758515033786,0.09413786544622557,-0.11817514246911534,-0.11296486217322763,72.21060257294084,70.5508264052201,1.0,775.0,489.0,241.0,249.0,83.999,246336.29399999994,122892.49100000002,59549.348000000005,46287.18299999999,837,317,33,17,37.36436133333334,54.583333333333336,69.75749333333333,60.096666666666664
