subject,mission,global_score,HRVrest,HRrest,HRVall_mission,HRVbegin_mission,HRVall_mission_norm,HRVbegin_mission_norm,HRall_mission,HRbegin_mission,nbAOI1,nbAOI2,nbAOI3,nbAOI4,nbAOI5,durAOI1,durAOI2,durAOI3,durAOI4,durAOI5,navKeys,tankKeys,trees,spaceKeys,tanklevel,rbtlevel,temp,bat
38,1,10,0.024883801932500515,85.25861780734895,0.03213016032165964,0.020422912704161456,0.007246358389159126,-0.004460889228339059,86.83068017366139,84.08764900826034,2.0,388.0,174.0,94.0,86.0,395.99,127048.7400000001,48281.164,21085.306999999993,15921.955999999998,289,162,10,5,46.74251477911647,51.325301204819276,50.572514056224904,58.29317269076305
38,2,25,0.029790500244430463,85.42056384193884,0.03206995247170677,0.02222288280164959,0.0022794522272763067,-0.007567617442780873,86.5561269592355,86.38665475126602,14.0,898.0,496.0,212.0,225.0,2491.848,274024.181,136448.51000000004,44551.22899999999,40416.040000000015,813,341,25,23,23.131672,38.18333333333333,51.54712333333334,60.85333333333333
38,3,28,0.03316904330673854,87.69307424015946,0.03784572001112428,0.024800788528335796,0.004676676704385742,-0.008368254778402744,84.50540132945846,82.99585020748962,13.0,906.0,429.0,316.0,245.0,2635.466,288111.01599999977,111812.70900000006,60553.21000000001,43916.923000000024,834,356,28,18,51.873770916666665,47.25,54.06771333333334,63.29833333333333
38,4,28,0.028880440887806842,81.33210609990799,0.03449159848426426,0.032513181959534294,0.005611157596457417,0.003632741071727452,83.0551747514941,84.44615719719181,26.0,985.0,444.0,212.0,227.0,3831.4649999999992,292602.77899999975,99896.1550000001,41521.94400000002,40189.34600000002,868,387,28,21,43.841551,49.13333333333333,53.241791666666664,61.01166666666666
