subject,mission,global_score,HRVrest,HRrest,HRVall_mission,HRVbegin_mission,HRVall_mission_norm,HRVbegin_mission_norm,HRall_mission,HRbegin_mission,nbAOI1,nbAOI2,nbAOI3,nbAOI4,nbAOI5,durAOI1,durAOI2,durAOI3,durAOI4,durAOI5,navKeys,tankKeys,trees,spaceKeys,tanklevel,rbtlevel,temp,bat
32,1,10,0.040450914479694546,81.51216812303976,0.03861231761942812,0.0263622189076044,-0.0018385968602664254,-0.014088695572090144,91.0313040138276,92.90090570058605,3.0,291.0,205.0,90.0,67.0,544.06,94511.03700000001,53308.502000000015,17737.545999999995,12413.489999999998,321,123,10,6,46.229004179104486,48.55721393034826,58.08821393034826,49.75124378109453
32,2,28,0.03730502233423838,89.53145206751333,0.043285609685923,0.01987433694571186,0.005980587351684621,-0.01743068538852652,91.59617422282291,89.38734516237027,36.0,814.0,539.0,223.0,253.0,8160.597,267770.7479999999,137380.78399999999,44006.894,54273.628000000026,818,414,28,21,65.55488170984457,41.865284974093264,57.31311053540587,54.17962003454232
32,3,31,0.04161998787846364,84.64870786237114,0.06334895489281389,0.02723745685035201,0.021728967014350252,-0.014382531028111628,89.0039136472667,89.47121506601437,32.0,864.0,470.0,168.0,241.0,6318.932,322071.2579999998,111126.80500000005,34827.87200000001,44412.87900000003,672,670,31,19,62.8089285,38.05,54.47768833333333,53.2
32,4,31,0.04028266160522157,87.10888610763456,0.03564484183925812,0.026384082176486943,-0.004637819765963454,-0.013898579428734629,92.02960836511426,90.61939852619001,43.0,926.0,519.0,181.0,267.0,8242.786,311171.72599999956,110882.04300000008,38157.67500000001,56515.32400000001,757,688,31,13,65.65458075,44.983333333333334,60.79258666666667,59.663333333333334
