subject,mission,global_score,HRVrest,HRrest,HRVall_mission,HRVbegin_mission,HRVall_mission_norm,HRVbegin_mission_norm,HRall_mission,HRbegin_mission,nbAOI1,nbAOI2,nbAOI3,nbAOI4,nbAOI5,durAOI1,durAOI2,durAOI3,durAOI4,durAOI5,navKeys,tankKeys,trees,spaceKeys,tanklevel,rbtlevel,temp,bat
31,1,12,0.06211876319390738,80.91099790230744,0.051873102871694984,0.03272721897256173,-0.010245660322212392,-0.02939154422134565,82.87464764936549,83.91328960074591,3.0,869.0,309.0,454.0,111.0,592.0,271721.35299999994,79178.97200000001,159855.00600000005,20028.771999999986,604,377,12,18,9.864627181666668,18.766666666666666,52.82946666666667,55.085
31,2,13,0.03873182954859485,83.78077364230265,0.04563006193500736,0.03420455838621797,0.00689823238641251,-0.004527271162376882,81.51082920695787,81.38688546284656,2.0,492.0,251.0,256.0,94.0,376.37,181021.62099999993,75971.782,73089.525,17659.95699999999,397,223,13,15,25.7760145691906,36.39686684073107,72.18832637075718,55.24543080939948
31,3,5,0.03691198546922498,84.16397121922238,0.046070805286079125,0.025874081025070973,0.009158819816854145,-0.011037904444154006,83.25348623973625,80.88002795852819,0.0,307.0,88.0,145.0,41.0,0.0,106148.01299999999,28203.845,37201.48500000001,7347.234,171,139,5,8,15.383351243781092,25.621890547263682,67.37037810945273,49.75124378109453
31,4,20,0.0306653560006111,83.76082751660923,0.03448821273364761,0.024313521676904093,0.003822856733036513,-0.006351834323707006,80.76609358658494,83.20662979733007,0.0,865.0,528.0,352.0,182.0,0.0,267651.4299999999,136627.19700000001,88027.78400000007,33247.739,666,376,20,22,20.0646909,36.38333333333333,51.5428,60.83833333333333
