subject,mission,global_score,HRVrest,HRrest,HRVall_mission,HRVbegin_mission,HRVall_mission_norm,HRVbegin_mission_norm,HRall_mission,HRbegin_mission,nbAOI1,nbAOI2,nbAOI3,nbAOI4,nbAOI5,durAOI1,durAOI2,durAOI3,durAOI4,durAOI5,navKeys,tankKeys,trees,spaceKeys,tanklevel,rbtlevel,temp,bat
40,1,3,0.045721860424856486,64.58129791849508,0.05621415514930135,0.033707431824563754,0.010492294724444864,-0.012014428600292733,66.4394702724638,68.33827445856993,0.0,252.0,2.0,182.0,29.0,0.0,85961.18300000002,299.99,65338.60500000002,4819.665000000001,199,201,3,3,26.66257810945274,39.50248756218905,50.12062686567164,49.75124378109453
40,2,1,0.07276103383045854,65.55423122765197,0.05852766422737494,0.03495430469849197,-0.0142333696030836,-0.03780672913196657,66.40702119640325,67.42130050400726,0.0,142.0,1.0,107.0,17.0,0.0,45177.165,227.99,31843.971,2879.404,90,94,1,0,46.53820212765958,47.340425531914896,68.1354574468085,76.5
40,3,3,0.07321651793517646,66.93418138830151,0.05820462499179796,0.03689845395435699,-0.0150118929433785,-0.03631806398081947,67.289295667569,68.53056562546557,0.0,250.0,7.0,233.0,52.0,0.0,88509.62800000004,1235.89,76168.368,10086.722999999996,228,175,3,3,35.362373134328365,29.402985074626866,50.0,49.75124378109453
40,4,9,0.07002839677197832,65.77526783489746,0.04350292274365609,0.028612286764382898,-0.026525474028322234,-0.04141611000759542,69.28423634944431,66.91301308299211,0.0,541.0,24.0,453.0,182.0,0.0,187410.4880000001,4771.4800000000005,121733.55500000012,33193.71800000001,233,476,9,1,26.333884444444447,24.37037037037037,52.78070123456791,52.824691358024694
