subject,mission,global_score,HRVrest,HRrest,HRVall_mission,HRVbegin_mission,HRVall_mission_norm,HRVbegin_mission_norm,HRall_mission,HRbegin_mission,nbAOI1,nbAOI2,nbAOI3,nbAOI4,nbAOI5,durAOI1,durAOI2,durAOI3,durAOI4,durAOI5,navKeys,tankKeys,trees,spaceKeys,tanklevel,rbtlevel,temp,bat
28,1,32,0.04727994031949224,73.04504444407385,0.05459896720584188,0.050536685657274975,0.007319026886349646,0.0032567453377827377,72.30492891283821,72.1479032015632,74.0,685.0,675.0,213.0,191.0,17745.831,246216.58499999976,193934.40999999997,46472.49600000003,42304.54800000001,887,665,32,23,58.82805333333332,57.36666666666667,52.02601833333333,53.86333333333334
28,2,21,0.0946802614820149,71.42737378648914,0.08092776125094506,0.07787122270898265,-0.013752500231069845,-0.016809038773032248,70.22556520392095,69.44327960145597,20.0,417.0,442.0,138.0,142.0,5374.870000000001,170060.72199999992,125357.41900000001,42428.56999999999,29897.485000000004,645,419,21,14,52.04881872289156,50.096385542168676,57.727715662650596,50.54698795180723
28,3,27,0.10723748134526813,70.90900011651712,0.07368193526373071,0.06660528950450827,-0.03355554608153742,-0.04063219184075986,72.12232325615415,72.71037035807366,92.0,649.0,450.0,151.0,150.0,22702.51299999999,247288.79199999993,116734.03300000002,41706.693999999996,32973.630000000005,647,734,27,22,23.004125133333332,49.05,51.340025,55.145
28,4,33,0.1124426937377436,71.66674961429354,0.09197620162073605,0.04862910231370445,-0.020466492117007545,-0.06381359142403914,71.43799439250158,69.67369486239446,77.0,636.0,643.0,154.0,162.0,19550.323,198315.1419999999,145899.22299999994,42880.746,35232.994,745,543,33,18,53.47982401666667,50.05,59.630219999999994,59.915
