subject,mission,global_score,HRVrest,HRrest,HRVall_mission,HRVbegin_mission,HRVall_mission_norm,HRVbegin_mission_norm,HRall_mission,HRbegin_mission,nbAOI1,nbAOI2,nbAOI3,nbAOI4,nbAOI5,durAOI1,durAOI2,durAOI3,durAOI4,durAOI5,navKeys,tankKeys,trees,spaceKeys,tanklevel,rbtlevel,temp,bat
34,1,29,0.04760727089896025,73.40618086746665,0.05097792539721311,0.035427092675853485,0.0033706544982528633,-0.012180178223106762,77.73876653544708,78.34471675371636,46.0,1253.0,674.0,267.0,346.0,6755.781000000001,207609.8299999998,130383.36500000002,37240.30300000001,50054.89300000002,736,778,29,15,44.53526195,44.0,53.22052333333333,62.876666666666665
34,2,26,0.06059259185765014,73.49733194616907,0.05573000121530894,0.034525545811898005,-0.004862590642341201,-0.026067046045752135,74.33501168967847,77.56177596579323,46.0,1209.0,681.0,278.0,400.0,6910.779,208581.79200000016,132736.80900000007,40854.63699999999,61846.82400000004,825,901,26,24,39.763045266666666,52.0,53.172875,61.18833333333333
34,3,28,0.07556820538557461,68.28190199732809,0.05738598391485158,0.04526296229839907,-0.018182221470723035,-0.03030524308717554,74.32540749798953,73.12373392183666,43.0,1160.0,789.0,281.0,382.0,6335.210000000001,188062.44600000005,146753.61599999995,40148.725,57059.24199999999,903,790,28,18,23.800610449999997,43.11666666666667,61.51344333333334,68.595
34,4,27,0.056808829028202605,72.35453723243894,0.0457037265722627,0.048511540894925195,-0.011105102455939903,-0.00829728813327741,72.60261169119025,75.32767538793753,49.0,1173.0,684.0,308.0,388.0,8141.299,191955.46999999997,128037.21600000003,42198.57699999998,54741.626000000026,739,861,27,14,48.90552605,53.983333333333334,50.33723166666667,57.155
