subject,mission,global_score,HRVrest,HRrest,HRVall_mission,HRVbegin_mission,HRVall_mission_norm,HRVbegin_mission_norm,HRall_mission,HRbegin_mission,nbAOI1,nbAOI2,nbAOI3,nbAOI4,nbAOI5,durAOI1,durAOI2,durAOI3,durAOI4,durAOI5,navKeys,tankKeys,trees,spaceKeys,tanklevel,rbtlevel,temp,bat
26,1,14,0.08643155242408798,64.58878473717334,0.0512439596873161,0.056369779784929,-0.03518759273677188,-0.030061772639158983,68.83548112050023,70.8677136012776,13.0,1144.0,255.0,123.0,114.0,3175.3799999999997,416467.1249999995,70182.45800000003,32155.596,24491.187,343,533,14,15,38.6876532,37.95,57.68534666666667,59.35666666666667
26,2,18,0.04959817647126318,66.66105546671155,0.05484336539517046,0.034692806779792695,0.005245188923907275,-0.014905369691470487,67.55517788859322,68.28077582794565,4.0,1042.0,305.0,142.0,125.0,1563.6399999999999,372774.6459999998,81524.84800000003,36460.77900000001,26411.949,463,469,18,14,81.19282816666667,55.46666666666667,55.29237333333333,60.63666666666666
26,3,19,0.06984001384573121,67.12305894139256,0.05852442687991352,0.03348837222649327,-0.011315586965817692,-0.03635164161923794,66.22991132886011,66.57252370385315,14.0,1253.0,316.0,141.0,125.0,2443.3500000000004,379590.41499999975,67896.627,24183.423999999995,23024.89899999999,446,461,19,16,71.79470275,57.333333333333336,60.26872000000001,62.806666666666665
26,4,21,0.059467288212486515,70.08410092110536,0.04667219455925002,0.0426607645079453,-0.012795093653236493,-0.016806523704541214,65.90291839088714,65.32663316582915,24.0,1082.0,262.0,122.0,108.0,3759.581000000001,402336.64999999985,70341.85299999999,31478.656999999996,21221.597,399,518,21,21,69.22390486666666,54.15,50.89729166666667,59.765
