subject,mission,global_score,HRVrest,HRrest,HRVall_mission,HRVbegin_mission,HRVall_mission_norm,HRVbegin_mission_norm,HRall_mission,HRbegin_mission,nbAOI1,nbAOI2,nbAOI3,nbAOI4,nbAOI5,durAOI1,durAOI2,durAOI3,durAOI4,durAOI5,navKeys,tankKeys,trees,spaceKeys,tanklevel,rbtlevel,temp,bat
23,1,29,0.06483834538357784,83.42686747189789,0.0511726443437692,0.042505662658341076,-0.013665701039808645,-0.022332682725236766,90.13490330085942,89.69205727003956,21.0,875.0,461.0,296.0,214.0,4067.247,238153.32700000008,130474.24600000004,59245.14599999999,42359.82300000001,737,445,29,21,36.19554555,32.36666666666667,60.25953333333334,54.443333333333335
23,2,28,0.08812018549592786,83.96221700234896,0.04638807293687842,0.04587027422877618,-0.04173211255904944,-0.04224991126715168,89.54115462823798,84.8613426276709,22.0,1025.0,517.0,316.0,181.0,3987.4249999999997,250622.63899999976,139123.97100000005,57706.32400000001,30711.260999999995,854,578,28,22,31.268943733333337,34.11666666666667,51.12802333333333,59.02166666666667
23,3,33,0.0755529606188708,84.42918167350696,0.05069873039202973,0.02841235171723393,-0.02485423022684107,-0.04714060890163688,88.9626182002991,85.35993439001122,46.0,861.0,480.0,373.0,203.0,8447.122,247683.31299999997,123788.5249999999,75205.92199999998,37259.899999999994,968,550,33,21,25.402324633333333,38.9,52.09605333333333,64.50166666666667
23,4,29,0.07184117339667646,83.27275130526732,0.04553135977020651,0.04734345043245765,-0.026309813626469954,-0.024497722964218815,88.45642043680571,87.46355685131192,43.0,893.0,435.0,358.0,218.0,8842.392,248139.51899999974,110365.06600000004,68905.79099999995,42756.88200000001,763,623,29,19,48.14732041666666,49.21666666666667,51.295244999999994,53.375
