subject,mission,global_score,HRVrest,HRrest,HRVall_mission,HRVbegin_mission,HRVall_mission_norm,HRVbegin_mission_norm,HRall_mission,HRbegin_mission,nbAOI1,nbAOI2,nbAOI3,nbAOI4,nbAOI5,durAOI1,durAOI2,durAOI3,durAOI4,durAOI5,navKeys,tankKeys,trees,spaceKeys,tanklevel,rbtlevel,temp,bat
39,1,28,0.15589795704364004,67.72458668083131,0.1014898681851101,0.07761992233795394,-0.054408088858529935,-0.0782780347056861,73.23929672501151,79.38476804763086,35.0,1400.0,433.0,330.0,158.0,5919.864999999999,326341.4289999997,87010.68500000004,57002.94199999998,23325.678,651,836,28,13,52.95660121666667,42.666666666666664,52.132335000000005,57.473333333333336
39,2,34,0.14452574144708066,65.76728499156832,0.08873573500291516,0.07001055833315016,-0.0557900064441655,-0.0745151831139305,76.10704813951638,70.78763708873382,42.0,993.0,557.0,358.0,140.0,8343.150999999998,282172.15699999983,135926.894,69686.76899999997,22589.825000000004,849,671,34,30,24.389903883333332,41.483333333333334,54.471830000000004,58.49666666666667
39,3,34,0.10903063936004713,69.20183869619726,0.09543785089538168,0.06544281744033174,-0.013592788464665453,-0.043587821919715386,78.65569280446063,76.64106434863389,67.0,1015.0,688.0,380.0,144.0,12590.442,261680.84900000007,144286.74500000008,63722.810999999994,23205.10900000001,872,673,34,22,32.10652793333333,53.65,58.854831666666676,62.30833333333333
39,4,32,0.12518499290641666,70.14730934963424,0.07532495417361301,0.06458088342769008,-0.049860038732803647,-0.060604109478726575,80.52871172423916,77.11052508595654,53.0,951.0,530.0,414.0,140.0,10159.151999999998,281249.7379999998,122891.49000000005,83816.23800000003,24166.00900000001,795,616,32,21,54.93152623333333,50.56666666666667,51.371563333333334,59.276666666666664
